date,open,high,low,close,volume
2024-08-28,115.37,116.34,111.22,112.84,1001518
2024-08-29,114.5,116.26,111.97,112.52,1095373
2024-08-30,115.46,116.2,114.335,115.87,1848509
2024-09-03,113.64,113.65,107.21,108.31,3673560
2024-09-04,107.2,110.86,106.76,109.14,1672848
2024-09-05,107.06,110.54,106.1684,110.17,2134901
2024-09-06,109.83,110.545,106.13,107.11,3653570
2024-09-09,108.61,108.61,104.13,105,2488837
2024-09-10,105.36,107.46,103.83,107.37,1311785
2024-09-11,108.32,111.1399,105.835,110.67,2705409
2024-09-12,111.23,111.23,107.725,108.23,1436666
2024-09-13,109.63,111.66,108.7,110.67,1459319
2024-09-16,109.51,110.475,108.34,110.15,1328403
2024-09-17,112.23,113.24,110.48,111.64,836666
2024-09-18,112.71,113.7,109.71,110.07,1488581
2024-09-19,115.29,117.19,113.28,115.36,2582348
2024-09-20,113.99,114.08,109.94,110.64,3488939
2024-09-23,112.13,112.59,110.97,111.58,1588992
2024-09-24,112.17,113.12,110.33,112.3,2069544
2024-09-25,112.35,113.54,110.68,111.36,1787799
2024-09-26,115.91,117.88,112.41,116.61,2416724
2024-09-27,116.88,117.44,114.325,114.86,1777988
2024-09-30,113.27,114.19,111.1,112.53,1606768
2024-10-01,113.18,113.52,109.01,109.72,1993255
2024-10-02,109.82,113.59,109.045,112.92,1476665
2024-10-03,111.07,112.75,109.5,110.56,1525415
2024-10-04,113.18,113.9,110.65,112.2,847626
2024-10-07,110.57,111.525,109.1,110.14,1412469
2024-10-08,109.92,110.99,108.5,110.06,1250576
2024-10-09,109.31,110.6,108.59,109.91,1361528
2024-10-10,108.5,109.7044,107.6,108.07,1329343
2024-10-11,107.59,110.77,107.59,108.9,1190514
2024-10-14,109.57,111.8,109.01,111.45,1701898
2024-10-15,110.45,111.8424,101.94,102.63,4118928
2024-10-16,105.53,105.58,101.91,102.33,2419999
2024-10-17,105.18,107.0529,103.27,104.16,3740211
2024-10-18,106.14,106.14,102.98,103.23,1741288
2024-10-21,102.55,104.41,101.97,104.36,1686307
2024-10-22,103.5,104.27,102.3525,103.18,1547420
2024-10-23,102.88,104.13,101.23,103.24,1403595
2024-10-24,104.33,104.645,102.7815,103.66,1463736
2024-10-25,103.86,106.21,103.86,105.01,1734232
2024-10-28,105.81,106.77,105.12,105.95,1892363
2024-10-29,106,109.11,105.03,108.71,1377698
2024-10-30,106,108.5,105.97,106.91,2114464
2024-10-31,107.5,107.5,103.13,104.71,2590076
2024-11-01,105.15,108.14,104.77,107.05,2099671
2024-11-04,96.49,102.82,94.924,100.98,3278486
2024-11-05,101.01,103.18,100.25,103.12,2788988
2024-11-06,105.25,107.69,104.165,105.07,3388940
2024-11-07,106.94,108.43,106.04,108.21,2185374
2024-11-08,106.21,107.5,104.46,105.03,2077385
2024-11-11,103.93,104.38,101.89,104.3,2202696
2024-11-12,102.75,106.815,102.7,106.33,4970228
2024-11-13,105.35,107.05,103.84,105.12,2821580
2024-11-14,106.65,106.73,100.93,101.5,2743674
2024-11-15,100.25,100.99,97.61,97.67,3821839
2024-11-18,97.32,99.955,96.39,99.55,2533097
2024-11-19,98.77,99.92,97.895,99.43,1577285
2024-11-20,98.88,100.04,97.776,99.96,1178345
2024-11-21,101.3,105.84,100.89,105.24,3473917
2024-11-22,105,107.32,104.89,107.24,2512379
2024-11-25,109.79,109.865,107.725,108.02,2505288
2024-11-26,108.34,108.53,103.44,105.52,2092450
2024-11-27,105.55,106.37,102.96,104.96,1582554
2024-11-29,106.39,107.6,105.085,105.63,1077531
2024-12-02,105.5,109.89,105.33,108.83,1675680
2024-12-03,106.77,108.985,106.77,108.17,1275052
2024-12-04,110,110.9,108.42,110.1,2015265
2024-12-05,109.575,110.1,106.93,107.1,1629761
2024-12-06,107.91,109.52,107.225,109.4,1279393
2024-12-09,108.84,111.54,107.41,110.51,1585276
2024-12-10,110.83,110.83,105.35,106.13,2016418
2024-12-11,108.21,110.24,106.5301,109.07,2026608
2024-12-12,107.87,110.035,107,107.3,1526975
2024-12-13,107.84,108.87,105.03,106.66,2238402
2024-12-16,105.98,107.93,104.47,106.71,1380117
2024-12-17,106.26,109.54,105.06,109.36,1526486
2024-12-18,109.95,112.36,101.75,102.23,3165558
2024-12-19,102.15,102.89,97.84,97.91,2847559
2024-12-20,97.2,101,96.8,99.46,4081785
2024-12-23,99.98,102.9099,99.87,102.28,1998048
2024-12-24,102.21,103.25,100.73,102.85,617290
2024-12-26,101.65,103.75,101.56,102.23,1060708
2024-12-27,102,102.9,100.54,101.77,959598
2024-12-30,100.07,100.165,97.95,99.54,3022103
2024-12-31,100.14,100.505,97.8,99.06,1153128
2025-01-02,99.55,101.09,96.63,97.23,1972940
2025-01-03,98.27,100.77,97.29,100.6,1435060
2025-01-06,102.31,104.85,102.31,102.51,2329172
2025-01-07,103.21,104.535,100,101.03,1675763
2025-01-08,100.53,100.53,98.62,99.76,1229711
2025-01-10,98.13,100.13,96.41,98.92,1794136
2025-01-13,96.97,98.5605,96.18,98.26,1949421
2025-01-14,98.66,99.99,97.73,99.5,2385289
2025-01-15,102.6,103.43,100.71,101.93,2080498
2025-01-16,104.14,107.98,103.34,104.91,2459133
2025-01-17,106.28,107.255,104.23,106.38,2067622
2025-01-21,107.3,107.98,105.83,106.73,5382245
2025-01-22,107.61,109.9,107.14,107.19,1937906
2025-01-23,105.09,106.15,104.14,105.88,2840247
2025-01-24,105.96,106.46,103.78,104.19,2989317
2025-01-27,101.74,101.83,96.75,98.52,4383407
2025-01-28,99.32,99.4,95.69,97.36,2566660
2025-01-29,98.96,99.445,96.09,98,1972717
2025-01-30,99.49,102.51,98.885,101.73,2471478
2025-01-31,101.8,104.44,101.34,101.54,2030039
2025-02-03,99,100.315,96.84,99.46,2006795
2025-02-04,99.49,101.61,99.4,101.19,2455725
2025-02-05,100.59,104.24,99.72,103.9,3413544
2025-02-06,102.44,110.46,101.365,109.53,3143086
2025-02-07,109.56,110.35,106.35,106.52,2404540
2025-02-10,108.02,108.9236,105.6,106.73,1852359
2025-02-11,106.57,107.84,104.64,105.74,1975084
2025-02-12,104.83,107.86,104.37,107.77,1939693
2025-02-13,107.72,109.28,107.01,108.85,1933710
2025-02-14,108.76,109.195,106.28,107.12,1709676
2025-02-18,108.13,108.68,105.6,107.45,1971573
2025-02-19,106.89,108.47,105.265,107.99,1395700
2025-02-20,108.1,109.945,106.32,107.26,1723565
2025-02-21,108,108,103.52,104.09,2379835
2025-02-24,104.755,105.03,101.47,102.3,2449862
2025-02-25,102.38,103.54,100.74,101.26,2997359
2025-02-26,102.67,103.91,101.75,103.52,1977498
2025-02-27,103.47,104.09,97.21,97.48,3631129
2025-02-28,103.83,103.98,98.49,101.22,5501598
2025-03-03,103.28,103.28,95.9,96.62,4007720
2025-03-04,96.62,101.49,94.93,98.35,4055434
2025-03-05,98.69,103.07,97.6356,102.38,22198794
2025-03-06,99.4,102.3,99,100.27,4946499
2025-03-07,100.59,103.5,97.655,102.93,4915248
2025-03-10,100.63,100.69,96.34,97.59,3895684
2025-03-11,97.03,98,92.84,93.85,3204736
2025-03-12,96.19,97.12,95.02,95.31,1940074
2025-03-13,94.82,96.18,93.27,94.42,1441699
2025-03-14,96.36,99.14,96.14,98.37,1929252
2025-03-17,97.72,101.8099,97.7,100.8,1563504
2025-03-18,99.77,100.78,98.21,100.15,1414525
2025-03-19,100.27,102.52,99.59,100.37,3021898
2025-03-20,98.99,100.865,98.81,99.05,2002486
2025-03-21,96.87,97.46,95.67,96.35,4047223
2025-03-24,98.58,100.24,97.87,98.32,4834055
2025-03-25,98.24,98.365,94,94.22,2466000
2025-03-26,94.05,95.22,91.29,92.44,3375883
2025-03-27,91.89,94.55,90.9333,92.54,2423445
2025-03-28,91.43,92.42,87.72,88.74,2803743
2025-03-31,87.25,88.05,84.745,87.48,2899918
2025-04-01,86.83,87.22,83.98,86.2,2354210
2025-04-02,84.71,87.905,83.97,85.82,2910323
2025-04-03,80.93,82.1,71.76,71.94,7347619
2025-04-04,69.67,70.72,61.27,65.39,9577321
2025-04-07,63.32,72.18,60.7501,66.84,7219044
2025-04-08,70.16,70.41,60.97,62.92,5459502
2025-04-09,64.18,79.4,61.955,78.48,8433591
2025-04-10,73.83,75.18,66.525,68.9,5862316
2025-04-11,68.89,70.1,66.02,69.72,3570593
2025-04-14,72.8,74.57,71.029,72.85,2813797
2025-04-15,72.55,74.25,71.67,72.1,2023882
2025-04-16,68.74,70.66,64.66,67.6,4028328
2025-04-17,68.33,69.59,67.44,68.73,2973856
2025-04-21,67.06,68.01,65.72,67.52,2740132
2025-04-22,68.68,70.15,67.84,69.33,3033401
2025-04-23,72.97,75.251,72.13,72.49,2680507
2025-04-24,73.5,80.05,73.3,79.71,4460990
2025-04-25,78.74,81.65,77.32,80.73,2811351
2025-04-28,80.6,81.11,77.44,79.85,2290161
2025-04-29,79.28,80.13,78.3859,78.69,1631835
2025-04-30,76.27,79.415,75.43,79.12,1824583
2025-05-01,79.99,80.85,78.34,79.3,2141099
2025-05-02,81.285,84.33,81.285,83.41,2901384
2025-05-05,82.145,85.01,81.92,83.89,2197976
2025-05-06,82.11,84.15,81.53,83.03,3542819
2025-05-07,77.875,78.46,70.921,78.39,9248929
2025-05-08,80.12,81.95,76.97,77.08,7647567
2025-05-09,78.12,78.92,74.85,76.36,3241709
2025-05-12,82.12,83.83,80.19,82.39,7413513
2025-05-13,82.33,84.56,81.77,83.14,4035690
2025-05-14,83.27,84.5,81.2,81.78,2432587
2025-05-15,80.64,81.77,78.3,78.53,3284046
2025-05-16,78.25,78.67,77.01,78.24,2972688
2025-05-19,76.16,77.435,75.01,75.53,2856956
2025-05-20,75,77.21,74.51,76.27,3008383
2025-05-21,75.04,75.92,71.85,72.43,3333396
2025-05-22,72.22,73.99,71.66,73.17,2326801
2025-05-23,70.32,72.71,70.025,72.34,2879724
2025-05-27,74.18,76.06,73.14,74.93,4190320
2025-05-28,75.05,75.05,72.48,72.63,2679791
2025-05-29,73.91,73.91,71.32,72.42,3594904
2025-05-30,70.95,71.19,67.53,68.74,6155699
2025-06-02,68.42,68.82,66.315,68.38,3625708
2025-06-03,68.36,72.01,66.72,71.81,4006206
2025-06-04,72.49,73.84,71.49,72.62,3367866
2025-06-05,72.19,74.13,71.14,72.02,4170776
2025-06-06,73.36,74.95,72.24,72.92,3757422
2025-06-09,74.7,79.47,74.695,78.47,5699032
2025-06-10,79.31,81.16,78.245,79.63,5937547
2025-06-11,81.05,81.13,77.39,78.48,3626717
2025-06-12,78.055,79.64,77.59,79.62,3378414
2025-06-13,76.89,78.49,75.05,75.34,3669721
2025-06-16,77.39,79.58,76.21,78.25,3396029
2025-06-17,77.04,78.46,76.42,76.55,2210346
2025-06-18,76.67,77.87,75.89,76.24,2754094
2025-06-20,77.01,77.27,74.39,75.42,3567234
2025-06-23,75.32,76.52,73.2,75.97,2175672
2025-06-24,78.05,81.9,77.32,81.73,4253376
2025-06-25,81.63,82.545,80.505,82.15,2661104
2025-06-26,82.97,84.18,82.02,83.65,4071583
2025-06-27,83.65,84.6,81.17,82.38,5939311
2025-06-30,82.54,83.16,80.28,80.65,2348094
2025-07-01,79.98,83.65,78.39,82.34,3226886
2025-07-02,82.95,86.69,82.18,86.46,3539144
2025-07-03,86.86,87.31,85.56,86.64,1922883
2025-07-07,85.09,86.84,82.94,83,2434173
2025-07-08,84.28,88.861,84.22,87.02,3014397
2025-07-09,86.62,88.4799,85.7917,86.99,1513185
2025-07-10,86.75,89.01,85.5,88,2249992
2025-07-11,86.3,88.28,86.12,87.58,1662809
2025-07-14,85.77,86.945,83.73,86.23,1646791
2025-07-15,88.95,89.86,87.44,87.47,2195542
2025-07-16,86.79,87.63,83.47,87.49,1968295
2025-07-17,87.49,90.74,86.55,90.27,2475886
2025-07-18,91.16,92,89.55,90.75,1960608
2025-07-21,91.86,93.06,91.22,91.64,2551217
2025-07-22,91.23,92.54,90.225,92,2369581
2025-07-23,93.19,93.59,90.43,91.62,2522892
2025-07-24,91.15,92.22,89.72,91.12,2430746
2025-07-25,90.98,92.51,89.56,91.85,2435924
2025-07-28,92.7,93.49,91.61,92,3491560
2025-07-29,92,93.87,90.645,92.85,5391155
2025-07-30,83.86,86.9,78.99,79.34,7788292
2025-07-31,78.29,80.42,77.4442,78.46,6322852
2025-08-01,75.7,76.68,72.94,75.66,5561091
2025-08-04,76,76.32,73.51,73.68,2895051
2025-08-05,73.87,74.215,72.18,73.34,3024914
2025-08-06,72.78,73.05,70.35,72.23,3043911
2025-08-07,74.68,75.75,72.43,73.43,1812225
2025-08-08,73.98,74.15,72.69,73.14,1793385
2025-08-11,74.04,75.13,71.871,72.03,1917066
2025-08-12,73.14,76.4,72.09,75.97,3003595
2025-08-13,76.02,80.115,75.76,79.88,1980177
2025-08-14,78.46,79.61,77,78.87,1821713
2025-08-15,77.83,78.45,76.37,77.12,2142381
2025-08-18,79.32,80.4799,78.18,78.41,1932491
2025-08-19,80.105,81.75,79.42,80.47,2909069
2025-08-20,80.24,80.7009,77.01,79.41,2998005
2025-08-21,79.01,82.44,79.01,82.09,2652984
2025-08-22,82.91,88.8,82.57,87.76,3684307
2025-08-25,87.54,87.76,86.54,86.75,1933510
2025-08-26,86.92,88.74,85.53,85.63,3978942
2025-08-27,85.79,86.35,83.69,84,2890489
2025-08-28,84.92,85.83,82.36,83.86,4020228
2025-08-29,83.17,85.05,82.66,83.74,3196522
2025-09-02,80.68,82.09,80.2,81.94,2017639
2025-09-03,82.635,82.635,78.29,79.48,1870870
2025-09-04,79.01,79.81,77.01,79.65,2011266
2025-09-05,79.94,82.89,79.76,81.98,1784526
2025-09-08,82.43,82.58,80.83,82.14,1248228
2025-09-09,82.01,82.445,80.47,81.22,1285972
2025-09-10,81.26,82.05,78.17,79.43,2161826
2025-09-11,80.19,83.685,79.38,83.53,2919636
2025-09-12,83.63,88.085,83.18,87.25,3634451
2025-09-15,87.98,90.27,87.765,90.18,2772590
2025-09-16,91.25,92.95,90.27,92.61,2473314
2025-09-17,92.18,94.93,90.2401,92.1,2156373
2025-09-18,95.52,97.63,94.39,95.97,4114083
2025-09-19,96.78,96.95,92.89,93.32,6085343
2025-09-22,93.24,97.25,93.18,95.81,2714100
2025-09-23,96.36,99.04,95.45,95.77,2261786
2025-09-24,95.75,96.54,93.41,93.49,1675490
2025-09-25,91.05,92.68,89.905,91.94,1717043
2025-09-26,91.6,93.44,91.035,93.09,1364716
2025-09-29,93.94,95.1471,93.3601,93.505,1119755
2025-09-30,92.68,94.08,90.31,92.46,1955992
2025-10-01,91.94,94.07,90,93.96,2635744
2025-10-02,96,98.3,94.5,96.81,2501539
2025-10-03,97,100.13,96.55,98.61,2111946
2025-10-06,99.73,101.475,99.19,100.26,2597618
2025-10-07,101.09,101.46,92.085,92.29,2002850
2025-10-08,92.1,95,91.935,94.56,2151818
2025-10-09,93.87,94.9199,91.075,94.23,2048580
2025-10-10,94.69,94.69,83.63,83.64,4019496
2025-10-13,89,92.3925,88.265,91.91,3026948
2025-10-14,88.25,93.0375,87.4411,90.94,1779550
2025-10-15,93.995,95.29,92.92,94.62,1881581
2025-10-16,95.91,95.91,89.68,90.54,2499250
2025-10-17,90.21,91.5,88.81,90.94,1879991
2025-10-20,92.38,94.8,91.82,92.6,1441067
2025-10-21,92.68,93.37,91.29,92.67,1203053
2025-10-22,91.12,92.21,87,88.81,2389963
2025-10-23,87.99,91.53,87.58,90.75,2043880
2025-10-24,92.39,93.63,91.41,91.52,1963978
2025-10-27,93.95,94.5906,92.775,94.32,1884089
2025-10-28,93.6,93.62,90.59,91.71,2039906
2025-10-29,92.96,98.23,92.95,94.54,3775949
2025-10-30,91.46,92.7,85.21,87.5,3778488
2025-10-31,87.5,92.8,86.985,91.57,3065945
2025-11-03,90.955,93.63,90.785,91.38,2498765
2025-11-04,87.74,89.7199,86.1394,86.46,2557836
2025-11-05,87.51,90.47,87.045,88.5,2293073
2025-11-06,88.41,89.735,85.03,85.7,2289713
2025-11-07,83.67,86.74,82.0841,86.67,2311342
2025-11-10,89,89,85.42,85.96,2048065
2025-11-11,85.6,85.78,83.075,83.68,2057116
2025-11-12,84.92,85.4,82.93,84.04,2214111
2025-11-13,82.78,83.81,79.38,81.06,2648911
2025-11-14,77.82,80.95,76.52,78.28,2790745
2025-11-17,77.43,78,73.06,74.79,3824438
2025-11-18,73.85,74.15,71.51,72.76,3517931
2025-11-19,73.5,74.2,72.2,73.765,3371544
2025-11-20,75.55,75.81,67.97,68.8,3604763
2025-11-21,69.37,74.72,69.06,73.66,3420423
2025-11-24,73.66,75.13,72.66,73.99,3453517
2025-11-25,73.46,74.46,72.23,73.72,3170518
2025-11-26,74.79,76.61,74.385,75.08,1983068
2025-11-28,75.79,77.43,75.15,77.14,1202537
2025-12-01,75.96,77.79,75.53,76.29,1835075
2025-12-02,77.16,80.715,76.915,79.82,2809323
2025-12-03,79.71,86.61,79,86.27,3707647
2025-12-04,85.9,88.32,85.475,88.14,2700299
2025-12-05,89.03,90.205,88.32,89.15,2704755
2025-12-08,89.55,91.5,88.11,89.1,2799372
2025-12-09,88.15,93.13,87.4286,92.59,2369851
2025-12-10,92.34,95.65,91.2115,94.73,2714514
2025-12-11,93.33,96.07,92.87,95.99,2199621
2025-12-12,95.33,96.095,91.2,92.55,3665411
2025-12-15,89.71,91.06,88.21,89.92,2589289
2025-12-16,89.765,90.88,87.46,87.96,3597756
2025-12-17,87.53,88.44,84.41,85.03,2655793
2025-12-18,88.13,89,84.45,84.55,3084778
2025-12-19,84.6,85.48,83.43,84.06,5804702
2025-12-22,85.31,87.2,84.49,85.12,3012413
2025-12-23,84.65,85.43,84.12,84.94,1995954
2025-12-24,85.28,85.7,83.995,85.49,734177
2025-12-26,85.57,86.48,84.585,86.27,1334779
2025-12-29,85.99,87.05,85.165,85.94,1272694
2025-12-30,86.18,86.79,84.15,86.69,1554779
2025-12-31,86.69,87.13,84.11,84.25,1411644
2026-01-02,86.16,90.58,85.36,89.56,3010156
2026-01-05,90.52,94.455,90.01,93.28,3257310
2026-01-06,94.24,99.8,94.01,99.56,3933511
2026-01-07,97.84,99.29,95.855,97.85,2782484
2026-01-08,97.08,100.48,96,99.85,2758411
2026-01-09,101.21,103.63,99.712,102.99,3185094
2026-01-12,102.57,102.64,99.85,101.84,1860113
2026-01-13,101.99,102.85,100.1859,102.07,1858400
2026-01-14,101.84,104.57,101.125,104.09,1864689
2026-01-15,117.41,118,110.27,113.54,6207354
2026-01-16,115.82,119.61,114.21,117.35,4953369
2026-01-20,115.06,117.66,112.45,115,4751390
2026-01-21,118.27,121.62,115.87,119.74,3919502
2026-01-22,122,122.435,117.07,118.52,2821875
2026-01-23,116.15,117.925,113.07,114.705,2910605
2026-01-26,114.73,116.6,113.83,115.63,2225608
2026-01-27,117.46,121.76,116.03,120.41,3050838
2026-01-28,121.21,124,120.485,120.65,3873248
2026-01-29,121.61,122.96,116.49,122.71,3355521
2026-01-30,120.825,122.63,117.74,118.07,3061813
2026-02-02,115.01,121.4899,115.01,119.48,3052366
2026-02-03,120.1,121.92,111.4801,113.7,4983099
2026-02-04,112.03,116.6,108.56,112.41,5902795
2026-02-05,111.6,113.575,109.17,110.33,3882731
2026-02-06,112.67,122.775,112.13,122.37,4445893
2026-02-09,122.18,123.67,120.66,122.39,4548542
2026-02-10,129.14,137.05,120.19,133.44,7131244
2026-02-11,136.93,138.99,132.66,137.79,3663048
2026-02-12,137.51,138.415,126.16,130.9,3658618
2026-02-13,130.09,135,127.67,131.43,2811876
2026-02-17,129.05,130.77,125.545,129.56,1872202
2026-02-18,129.75,133.2,128.04,131.89,1974658
2026-02-19,130.14,133,129.9,132.67,1366337
2026-02-20,131.49,136.18,131.49,134.49,2325749
2026-02-23,134.49,136.94,132.33,136.42,2538225.186733
2026-02-24,137.95,142.5,136.17,136.27,2435946.296023
2026-02-25,138.7,139.5,135.88,137.34,1526426.084182
2026-02-26,137.645,139.85,129.555,132.2,2419986.757801
2026-02-27,129.31,132.6,128.56,132.45,2877470.972241
2026-03-02,129.215,135.74,127.5,135.5,1924371.02587
2026-03-03,129.23,130.25,125.05,126.79,2851471.394715
2026-03-04,128.71,129.9555,125.56,129,2406903.887292
2026-03-05,126.63,129.44,122.26,124.58,2334349.246783
2026-03-06,119.94,120.53,112.26,112.44,3102392.903062
2026-03-09,110.73,117.44,108.15,117.34,3016652.900569
2026-03-10,119.455,121.61,116.62,116.88,2175481.257562
2026-03-11,117.08,119.11,114.855,116.18,2279827.568356
2026-03-12,113.25,114.78,108.21,109.98,2610561.222458
2026-03-13,111.7,113.09,107.48,108.28,3106539.964102
2026-03-16,111.24,113.19,110.16,111.64,2642060.443442
2026-03-17,112.51,116.39,111.875,116.08,1608391.973974
2026-03-18,116.08,117.47,114.27,115.58,1618708.747564
2026-03-19,111.68,116.99,110.01,115.86,1566723.469356
2026-03-20,115.27,116.2351,111.15,114.66,3584280.683129
2026-03-23,119.97,120.865,114.91,115.01,2004167.1115
2026-03-24,114.48,122.39,114.23,121.67,1790133.148519
2026-03-25,123.81,124.2872,120.8397,123.18,1476686.304662
2026-03-26,120.49,122.1,115.415,115.75,2102758.431218
2026-03-27,113.25,116.05,111.33,113.59,2080838.674026
2026-03-30,115.5,115.5,107.25,108.64,2714641.202928
2026-03-31,110.39,117.98,109.98,117.24,2960972.426509
2026-04-01,118.91,121.85,117.91,118.71,2195067.01026
2026-04-02,113.59,119.78,112.875,116.4,1552901.102739
2026-04-06,116.59,117.97,113.92,115.68,1747748.596289
2026-04-07,115.91,118.95,114.28,118.55,1617763.547396
2026-04-08,128.08,130.82,126.085,129.6,3723755.12333
2026-04-09,129.51,133.05,127.35,132.63,1915324.945995
2026-04-10,134.06,136.68,133.27,135.32,2699041.731232
2026-04-13,133.83,138.42,133.5475,138.07,1683140.689083
2026-04-14,139.605,140.815,137.1523,137.44,2178777.799281
2026-04-15,136.96,137.81,134.06,136.995,1887169.089846
2026-04-16,136.7,138.4,135.23,135.92,1886898.489642
2026-04-17,139.52,146.46,139.4001,146.06,2476809.270819
2026-04-20,145.67,149.17,144.8,148.92,2259537.37416
2026-04-21,150,151.9,145.945,146.99,2997876.735218
2026-04-22,151.21,151.994,146.48,147.93,2637916.462564
2026-04-23,148.78,151.28,144.44,149.33,3446923.430654
2026-04-24,153.92,159.15,151.17,155.98,4337885.072132
2026-04-27,156.18,157.63,149.49,156.44,2867863.04516
2026-04-28,149.435,151.16,142.61,144.72,3990672.346998
2026-04-29,146.57,149.8,144.75,149.37,3629411.428455
2026-04-30,150,150,138.665,141.38,6495334.197897
2026-05-01,140.78,142.5,138.27,142.29,4200321.355731
2026-05-04,142.39,143.5,134.86,138.96,2580350.645754
2026-05-05,142.978,150,140,149.29,3296783.48192
2026-05-06,152.73,156.43,147.95,155.86,3007533.163513
2026-05-07,155.99,156.42,145.39,147.66,2915250.934087
2026-05-08,151.52,152.38,146.26,149.11,3012664.592427
2026-05-11,148.03,149.73,146.41,149.15,3159921.317989
2026-05-12,146.59,146.94,138.18,145.31,2864511.89003
2026-05-13,148.06,148.74,143,145.04,2369419.43609
2026-05-14,144.57,145.445,138.6,139.26,3084516.527675
2026-05-15,134.67,134.97,132,133.07,3276263.150121
2026-05-18,135.225,136.25,125.1,127.21,3260956.663646
2026-05-19,123.04,126.83,122,124.22,3105818.322042
2026-05-20,126.5,128.39,124.42,127.7,4358682.545331
2026-05-21,127.7,132.55,125.13,131.39,3017970.024149
2026-05-22,132.2,136.13,130.51,135.28,2227854.144428
2026-05-26,139.23,143.26,136.8019,142.12,2751874.230631
2026-05-27,149.23,149.31,136.43,140,2877386.177519
2026-05-28,139.36,141,133.29,138.44,2248492.956271
2026-05-29,140.52,141.9798,136.6,138.79,2732688.955764
2026-06-01,136.945,138.695,134.01,135.73,2027965.238632
2026-06-02,137.34,143.9399,135.73,142.92,4248049.489062
2026-06-03,143.59,147.38,140.05,140.33,2272631.000961
2026-06-04,137.76,144.16,135.59,139.88,2353830.559419
2026-06-05,134.13,136.045,124.44,125.41,4669474.236958
2026-06-08,133.08,135.46,129.53,132.71,2739708.806786
2026-06-09,136.34,142.17,123.77,134.35,3564729.18397
2026-06-10,133.1,139,127.941,128.88,2902933.037205
2026-06-11,134,145.77,131.33,144.92,4330679.696223
2026-06-12,145.69,152.66,142.43,150.52,2114466.977539
2026-06-15,159.63,168,159,162.89,5289557.602084
2026-06-16,161.78,164.83,151.45,151.61,3536425.098133
2026-06-17,157.86,165.375,156.49,157.34,2672241.777944
2026-06-18,164.18,180.94,163.06,178.77,5933481.192691
2026-06-22,182.28,186.94,179.71,184,3854747.753047
2026-06-23,167.996,172.73,164.42,168.22,5600125.535664
2026-06-24,168.32,173.49,165.535,171.46,3282259.225994
2026-06-25,183,184,169.38,176.28,3135615.848394
2026-06-26,167.86,168.995,156.72,161.43,4976269.261265
2026-06-29,161.52,171.34,154.665,171.04,3564337.209749
2026-06-30,171.63,182.34,169.06,179.86,3599958.850363
2026-07-01,172.19,173.405,164.39,165.19,4622441.070375
2026-07-02,165,166.7598,142.185,146.66,5907013.88698
2026-07-06,151.41,155.08,144.655,145.17,2784667.466728
2026-07-07,135.05,138.54,129.24,135.08,4308942.811796
2026-07-08,133.5,142.26,131.89,138.715,3344034.397594
2026-07-09,147.86,152.99,145.105,146.1,2967422.348778
2026-07-10,143.5,146.63,140.395,145.35,1442227.527337
2026-07-13,139.52,142.07,135.08,136.27,3120639.254346
2026-07-14,144.86,145.299,137.495,140.63,2038377.75687
2026-07-15,144.83,144.83,132.87,138.69,1836811.205549
2026-07-16,133.33,138.72,132.5,134.6,2870383.143339
2026-07-17,127.795,139.965,126.79,138.74,4454624.560398
2026-07-20,140.84,142,133.3,133.79,2122516.381145
2026-07-21,140.82,143.06,138.47,140.17,2440400.160461
2026-07-22,135.55,140.45,135.08,137.48,1564948.081165
2026-07-23,135.69,138.11,133.055,135.3,2641427.671028
2026-07-24,132.449,135.375,127.19,129.15,2689821.384474
2026-07-27,130.625,131.7799,120.75,126.37,2351043.424689
2026-07-28,119,122.99,117.4,118.16,5023601.661712
2026-07-29,115.79,118.23,106.91,107.01,4872974.382175
2026-07-30,117.5,122.42,116,117.11,4346813.618056
2026-07-31,122.8,127.51,117,119.05,2548079.056492
2026-08-03,116.86,125.56,116.1,125.2,3023655.022388
2026-08-04,137,145.27,134.01,144.56,4418123.416241
2026-08-05,146.2,148.3,141.88,145.55,2827378.810805
2026-08-06,141.8,148.44,140.01,142.65,1906064.185412
2026-08-07,148.99,152.42,144.36,152.08,2012219.291412
2026-08-10,152.42,154.47,144.03,144.21,1700108.100599
2026-08-11,148.72,153.47,144.4,150.21,1738227.605668
2026-08-12,159.68,162.71,156,161.08,3126404.920611
2026-08-13,160.16,166.02,159.4,163.81,1782600.197058
2026-08-14,162.45,163.865,158.76,161.76,1434542.00779
2026-08-17,162.04,166.2025,160.9501,163.09,1594998.411727
2026-08-18,153.47,155.28,148.01,150.265,4142469.902058
2026-08-19,152.52,153.38,141.41,144.28,2539278.166649
2026-08-20,144.11,145.73,141.55,144.63,1486418.455497
2026-08-21,145.64,146.25,142,143.66,1106439.788993
2026-08-24,139.75,139.75,134.49,138.25,2454946.044731
2026-08-25,141.475,141.52,137.23,138.87,1487748.953351
2026-08-26,139.89,142.7886,139.175,142.46,1144743.764058
2026-08-27,145.88,147.115,142.53,145.31,1651194.489009
